ICE_IME_id	ICE_IME_id_need_manual_curation	Segment_number	Comments_ICE_IME_structure	Is_hit_blast	Is_hit_HMM	CDS_num	Genome_accession	Genome_accession_rank	CDS_locus_tag	CDS_protein_id	CDS_strand	CDS_start	CDS_end	CDS_length	Is_pseudo	CDS_Protein_type	CDS_Protein_type_blast	Description_of_blast_most_similar_ref_SP	Id_of_blast_most_similar_ref_SP	Length_of_blast_most_similar_ref_SP	Blast_ali_length	Blast_ali_start_CDS	Blast_ali_end_CDS	Blast_ali_start_Query_blast	Blast_ali_end_Query_blast	Blast_ali_identity_perc	Blast_ali_E-value	Blast_ali_bitscore	CDS_coverage_blast	Blast_ali_coverage_most_similar_ref_SP	Protein_type_of_blast_most_similar_ref_SP	Associated_element_type_of_blast_most_similar_ref_SP	ICE_superfamily_of_most_similar_ref_SP	ICE_family_of_most_similar_ref_SP	IME_superfamily_of_most_similar_ref_SP	Relaxase_family_domain_of_most_similar_ref_SP	Relaxase_family_MOB_of_most_similar_ref_SP	Coupling_type_of_most_similar_ref_SP	False_positives	SP_blast_validation	Use_annotation	Protein_type_of_matching_HMM_profile	Description_of_matching_HMM_profile	Profile_name	Length_of_matching_HMM_profile	HMM_ali_i-Evalue	HMM_ali_E-value	HMM_ali_Score	HMM_ali_Bias	HMM_ali_Global_score	HMM_ali_Global_bias	HMM_coverage	CDS_coverage_hmm
ID_1		1		1	1	250	NZ_CP028160.1	1	LL14B4_RS01315	WP_109990613.1	+	256803	258488	561	-	Coupling protein	Coupling protein	Coupling protein TcpA	AAN57980	574.0	564.0	8.0	544.0	17.0	563.0	40.43	1.1499999999999999e-126	377.0	95.72	95.3	Coupling protein	ICE	Tn916	ICESt3	-	-	-	TcpA	-	validated	yes	Coupling protein	TcpA	tcpA	464	2.4e-78	1.7e-78	250.3	2.0	250.8	2.0	84.05	70.77
ID_1		1	Conjugaison module SP LL14B4_RS01325 is a compatible neigbhor and is being associated with same family SPs LL14B4_RS01315, LL14B4_RS01380. 	1	1	251	NZ_CP028160.1	1	LL14B4_RS01325	WP_338067082.1	+	258929	260116	395	-	Relaxase	Relaxase	Relaxase MOBT (PF02486)	AAN57979	410.0	393.0	1.0	387.0	10.0	395.0	35.12	3.2600000000000005e-73	228.0	97.97	94.15	Relaxase	ICE	Tn916	-	-	PF02486	MOBT	-	-	validated	yes	Relaxase	MOBT	T4SS_MOBT	366	4.8999999999999997e-82	4.4e-82	261.5	8.4	261.7	8.4	99.18	96.2
ID_1		1	Conjugaison module SP LL14B4_RS01380 is being associated with same family LL14B4_RS01315. 	1	1	261	NZ_CP028160.1	1	LL14B4_RS01380	WP_109990624.1	+	267152	269755	867	-	VirB4	VirB4	VirB4	ADX24150	832.0	866.0	4.0	861.0	1.0	830.0	41.69	0.0	675.0	98.96	99.76	VirB4	ICE	Tn916	ICESt3	-	-	-	-	-	validated	yes	VirB4	VirB4	T4SS_virb4	943	2.0000000000000002e-23	1.1e-23	68.6	8.8	69.5	8.8	73.7	94.12
ID_1		1	Downstream integrase LL14B4_RS01440 has been associated to the structure ID_1 pre-merging because it is adjacent to the conj module and there is no upstream/downstream ambiguity. 	1	1	273	NZ_CP028160.1	1	LL14B4_RS01440	WP_109990635.1	+	279934	281055	373	-	Tyrosine integrase	Tyrosine integrase	Tyrosine integrase	EGE54621	376.0	375.0	1.0	373.0	1.0	374.0	43.47	2.43e-109	319.0	100.0	99.47	Integrase	IME	-	-	-	-	-	-	-	validated	yes	Tyrosine integrase	Tyrosine integrase	Phage_integrase	172	3.1000000000000002e-27	1.6000000000000001e-27	81.6	0.2	82.5	0.2	91.28	46.65
		2		1	1	631	NZ_CP028160.1	1	LL14B4_RS03355	WP_109990714.1	+	662542	663681	379	-	Tyrosine integrase	Tyrosine integrase	Tyrosine integrase	AAA72427	379.0	379.0	1.0	379.0	1.0	379.0	97.1	0.0	763.0	100.0	100.0	Integrase	ICE	-	-	-	-	-	-	-	validated	yes	Tyrosine integrase	Tyrosine integrase	Phage_integrase	172	1.8e-25	1.6e-26	75.9	0.0	79.2	0.2	98.26	48.28
		3		1	1	888	NZ_CP028160.1	1	LL14B4_RS04620	WP_109990784.1	-	953602	954735	377	-	Tyrosine integrase	Tyrosine integrase	Tyrosine integrase	BAN60805	379.0	391.0	1.0	375.0	1.0	379.0	32.99	1.87e-50	167.0	99.47	100.0	Integrase	IME	-	-	-	-	-	-	-	validated	yes	Tyrosine integrase	Tyrosine integrase	Phage_integrase	172	3e-24	1.2999999999999998e-24	71.9	0.3	73.1	0.3	98.84	46.42
		4		1	1	1172	NZ_CP028160.1	1	LL14B4_RS06045	WP_109990888.1	-	1232734	1234200	488	-	Serine integrase	Serine integrase	Serine integrase	AGU78171	558.0	488.0	1.0	449.0	1.0	468.0	28.07	1.1e-34	129.0	92.01	83.87	Integrase	ICE	-	-	-	-	-	-	-	validated	no	Serine integrase	Serine recombinase	Recombinase	104	7.700000000000001e-23	2.7e-23	67.2	0.1	68.7	0.8	98.08	17.62
		4		1	1	1233	NZ_CP028160.1	1	LL14B4_RS06355	WP_109990937.1	-	1280168	1281223	351	-	Tyrosine integrase	Tyrosine integrase	Tyrosine integrase	WP_011835230	357.0	348.0	11.0	351.0	10.0	357.0	40.52	7.71e-88	263.0	97.15	97.48	Integrase	ICE	-	-	-	-	-	-	-	validated	yes	Tyrosine integrase	Tyrosine integrase	Phage_integrase	172	3.5e-30	3.5e-30	91.2	0.4	91.2	0.4	93.6	46.15
		5		1	1	1477	NZ_CP028160.1	1	LL14B4_RS07585	-	+	1529651	1530738	362	Pseudo	Tyrosine integrase	Tyrosine integrase	Tyrosine integrase	CBG92867	410.0	346.0	3.0	324.0	2.0	345.0	33.53	2.49e-40	140.0	88.95	83.9	Integrase	ICE	-	-	-	-	-	-	-	validated	yes	Tyrosine integrase	Tyrosine integrase	Phage_integrase	172	1e-19	4.5e-20	57.1	0.0	58.3	0.0	87.21	42.82
ID_2		6		0	1	1988	NZ_CP028160.1	1	LL14B4_RS10165	WP_109991204.1	-	2074628	2077303	891	-	Coupling protein	NA	NA	NA	NA	NA	NA	NA	NA	NA	NA	NA	NA	NA	NA	NA	NA	NA	NA	NA	NA	NA	NA	NA	NA	NA	Coupling protein	VirD4	t4cp2	222	2.3e-14	1.3e-14	39.3	0.0	40.1	0.0	90.99	25.25
ID_2		6	Downstream integrase LL14B4_RS10645 has been associated to the structure ID_2 pre-merging because it is adjacent to the conj module and there is no upstream/downstream ambiguity. 	1	1	2087	NZ_CP028160.1	1	LL14B4_RS10645	WP_109991295.1	+	2159885	2161063	392	-	Tyrosine integrase	Tyrosine integrase	Tyrosine integrase	ABV10109	421.0	407.0	2.0	385.0	12.0	412.0	35.13	1.45e-66	211.0	97.96	95.25	Integrase	IME	-	-	-	-	-	-	-	validated	yes	Tyrosine integrase	Tyrosine integrase	Phage_integrase	172	6.300000000000001e-28	2.9e-28	83.9	0.1	85.0	0.1	98.84	47.19
		7		1	1	2489	NZ_CP028160.1	1	LL14B4_RS12835	WP_109991402.1	+	2564390	2565535	381	-	Tyrosine integrase	Tyrosine integrase	Tyrosine integrase	BAK28518	376.0	386.0	1.0	380.0	1.0	374.0	31.35	6.61e-52	171.0	99.74	99.47	Integrase	ICE	-	-	-	-	-	-	-	validated	yes	Tyrosine integrase	Tyrosine integrase	Phage_integrase	172	2.6999999999999997e-31	1.2e-31	94.8	0.2	95.9	0.2	99.42	49.61
ID_3		8		1	1	2512	NZ_CP028161.1	2	LL14B4_RS12960	WP_109991449.1	+	10460	12316	618	-	Coupling protein	Coupling protein	Coupling protein VirD4	CCW38141	605.0	594.0	2.0	574.0	3.0	574.0	32.32	1.12e-95	300.0	92.72	94.55	Coupling protein	ICE	Tn5252	-	-	-	-	VirD4	-	validated	yes	Coupling protein	VirD4	t4cp2	222	2.6000000000000003e-44	1.4e-44	137.2	0.0	138.1	0.0	96.4	34.47
ID_3		8		1	1	2517	NZ_CP028161.1	2	LL14B4_RS12980	WP_109991453.1	+	14026	16443	805	-	VirB4	VirB4	VirB4	AER19337	784.0	799.0	8.0	798.0	5.0	783.0	36.8	2.71e-162	484.0	98.26	99.36	VirB4	ICE	Tn5252	-	-	-	-	-	-	validated	yes	VirB4	VirB4	T4SS_virb4	943	5.7e-91	4.7e-91	292.1	5.1	292.4	5.1	79.96	97.14
ID_3		8		1	1	2530	NZ_CP028161.1	2	LL14B4_RS13040	WP_109991464.1	+	28557	29648	363	-	Relaxase	Relaxase	Relaxase MOBP (PF03432)	EGE54512	547.0	372.0	1.0	347.0	1.0	365.0	43.01	3.3e-84	260.0	95.59	66.73	Relaxase	ICE	Tn5252	TnGBS2	-	PF03432	MOBP	-	-	possible_pseudogene	yes	Relaxase	MOBP	T4SS_MOBP1	233	7.200000000000001e-28	5.400000000000001e-28	84.1	1.4	84.6	1.4	87.55	57.3
